<?xml version="1.0"?>
<!DOCTYPE DjVuXML>
<DjVuXML>
  <BODY>
    <OBJECT data="file://localhost//var/tmp/autoclean/derive/cattle1935nov//cattle1935nov.djvu" height="3628" type="image/x.djvu" usemap="cattle1935nov_0001.djvu" width="2684">
<PARAM name="PAGE" value="cattle1935nov_0001.djvu"/>
<PARAM name="DPI" value="350"/>
<HIDDENTEXT>
<PAGECOLUMN>
<REGION>
<PARAGRAPH>
<LINE>
<WORD coords="950,80,1082,40,78">PACES</WORD>
<WORD coords="1117,80,1407,41,79">DEPARTMENT</WORD>
<WORD coords="1442,79,1496,43,79">0?</WORD>
<WORD coords="1528,82,1856,42,80">AGRICULTURE</WORD>
</LINE>
<LINE>
<WORD coords="335,163,430,114,148">//p</WORD>
<WORD coords="790,138,967,102,136">BURhAU</WORD>
<WORD coords="999,137,1052,102,137">07</WORD>
<WORD coords="1085,141,1440,101,139">AGRICULTURAL</WORD>
<WORD coords="1472,141,1734,102,140">ECONOMICS</WORD>
</LINE>
</PARAGRAPH>
<PARAGRAPH>
<LINE>
<WORD coords="340,188,365,177,194">-</WORD>
<WORD coords="408,209,451,196,209">^</WORD>
<WORD coords="1087,198,1184,163,197">7AS.</WORD>
<WORD coords="1209,209,1400,161,199">INGTON,</WORD>
<WORD coords="1443,198,1488,164,198">0.</WORD>
<WORD coords="1537,199,1577,165,198">3.</WORD>
</LINE>
</PARAGRAPH>
<PARAGRAPH>
<LINE>
<WORD coords="312,294,700,192,288">!;Oi/&gt;/</WORD>
</LINE>
</PARAGRAPH>
</REGION>
</PAGECOLUMN>
<PAGECOLUMN>
<REGION>
<PARAGRAPH>
<LINE>
<WORD coords="1944,283,2150,246,282">Release</WORD>
<WORD coords="2187,272,2211,267,272">-</WORD>
</LINE>
</PARAGRAPH>
<PARAGRAPH>
<LINE>
<WORD coords="1952,344,2092,304,342">12:00</WORD>
<WORD coords="2124,345,2241,308,342">Noon</WORD>
<WORD coords="2280,350,2441,296,344">(B^T.)</WORD>
</LINE>
</PARAGRAPH>
<PARAGRAPH>
<LINE>
<WORD coords="1945,404,2181,366,401">November</WORD>
<WORD coords="2219,408,2292,364,402">11,</WORD>
<WORD coords="2336,401,2470,365,400">1935.</WORD>
</LINE>
</PARAGRAPH>
</REGION>
</PAGECOLUMN>
<PAGECOLUMN>
<REGION>
<PARAGRAPH>
<LINE>
<WORD coords="674,572,847,535,571">CATTLZ</WORD>
<WORD coords="881,585,1085,534,572">FEED.ING</WORD>
<WORD coords="1120,574,1382,536,572">SITUATION</WORD>
<WORD coords="1417,567,1438,563,570">-</WORD>
<WORD coords="1472,575,1708,536,573">NOVEMBER</WORD>
<WORD coords="1746,582,1788,541,577">1,</WORD>
<WORD coords="1833,576,1943,541,576">1935</WORD>
</LINE>
</PARAGRAPH>
<PARAGRAPH>
<LINE>
<WORD coords="436,706,785,658,695">Developments</WORD>
<WORD coords="824,706,994,660,695">during</WORD>
<WORD coords="1029,698,1228,659,696">October</WORD>
<WORD coords="1265,707,1379,671,697">gave</WORD>
<WORD coords="1414,698,1616,660,696">further</WORD>
<WORD coords="1655,707,1854,661,696">support</WORD>
<WORD coords="1893,694,1942,660,693">to</WORD>
<WORD coords="1981,694,2062,660,694">the</WORD>
<WORD coords="2101,704,2420,658,692">expectation</WORD>
</LINE>
<LINE>
<WORD coords="233,757,340,718,756">that</WORD>
<WORD coords="379,756,549,719,754">cattle</WORD>
<WORD coords="586,766,787,719,755">feeding:</WORD>
<WORD coords="824,767,995,720,756">during</WORD>
<WORD coords="1037,757,1111,721,756">the</WORD>
<WORD coords="1146,758,1319,721,757">winter</WORD>
<WORD coords="1358,758,1408,720,757">of</WORD>
<WORD coords="1446,758,1646,722,755">1935-33</WORD>
<WORD coords="1681,758,1794,720,757">will</WORD>
<WORD coords="1830,755,1883,721,755">be</WORD>
<WORD coords="1920,756,1975,729,756">on</WORD>
<WORD coords="2008,754,2034,730,754">a</WORD>
<WORD coords="2070,761,2420,717,752">considerably</WORD>
</LINE>
<LINE>
<WORD coords="230,828,400,780,816">larger</WORD>
<WORD coords="439,816,577,781,815">seal-:</WORD>
<WORD coords="617,818,730,779,817">than</WORD>
<WORD coords="763,828,936,781,817">during</WORD>
<WORD coords="972,817,1050,781,816">the</WORD>
<WORD coords="1085,819,1260,781,818">winter</WORD>
<WORD coords="1295,819,1349,781,818">of</WORD>
<WORD coords="1385,819,1609,782,817">1934-35.</WORD>
<WORD coords="1683,827,1941,781,816">Shipments</WORD>
<WORD coords="1978,815,2032,779,814">of</WORD>
<WORD coords="2071,816,2269,779,814">stocker</WORD>
<WORD coords="2305,813,2389,777,812">and</WORD>
</LINE>
<LINE>
<WORD coords="229,878,400,841,876">feeder</WORD>
<WORD coords="437,878,608,840,877">cattle</WORD>
<WORD coords="644,877,760,839,876">from</WORD>
<WORD coords="793,888,1080,841,877">stockyards</WORD>
<WORD coords="1117,879,1318,843,877">markets</WORD>
<WORD coords="1358,880,1465,842,878">into</WORD>
<WORD coords="1508,878,1585,843,877">the</WORD>
<WORD coords="1623,881,1738,845,878">Corn</WORD>
<WORD coords="1770,878,1881,841,877">Belt</WORD>
<WORD coords="1921,879,2091,841,875">States</WORD>
<WORD coords="2131,874,2184,840,874">in</WORD>
<WORD coords="2215,876,2419,837,873">October</WORD>
</LINE>
<LINE>
<WORD coords="227,940,341,911,938">were</WORD>
<WORD coords="377,938,432,901,937">40</WORD>
<WORD coords="463,948,666,902,938">percent</WORD>
<WORD coords="704,949,874,902,938">larger</WORD>
<WORD coords="912,938,1025,903,937">than</WORD>
<WORD coords="1061,938,1113,904,938">in</WORD>
<WORD coords="1146,941,1348,903,938">October</WORD>
<WORD coords="1385,946,1519,904,940">1934,</WORD>
<WORD coords="1561,939,1649,905,939">and</WORD>
<WORD coords="1684,939,1858,903,938">showed</WORD>
<WORD coords="1889,938,2030,901,936">about</WORD>
<WORD coords="2073,936,2151,900,935">the</WORD>
<WORD coords="2185,936,2329,897,934">usual</WORD>
</LINE>
<LINE>
<WORD coords="231,1000,459,964,998">seasonal</WORD>
<WORD coords="499,1001,727,963,998">increase</WORD>
<WORD coords="763,1000,875,973,999">over</WORD>
<WORD coords="913,1009,1170,963,1000">September</WORD>
<WORD coords="1209,1009,1490,965,999">shipments.</WORD>
<WORD coords="1561,1001,1644,967,999">For</WORD>
<WORD coords="1683,999,1764,964,998">the</WORD>
<WORD coords="1802,998,1913,963,997">four</WORD>
<WORD coords="1946,1002,2144,961,996">months,</WORD>
<WORD coords="2185,1003,2301,960,995">July</WORD>
<WORD coords="2337,994,2387,960,993">to</WORD>
</LINE>
<LINE>
<WORD coords="227,1065,453,1023,1058">October,</WORD>
<WORD coords="499,1070,753,1023,1059">snipments</WORD>
<WORD coords="795,1060,902,1023,1059">into</WORD>
<WORD coords="951,1060,1023,1024,1059">hie</WORD>
<WORD coords="1060,1062,1172,1027,1059">Corn</WORD>
<WORD coords="1206,1062,1317,1024,1060">Belt</WORD>
<WORD coords="1357,1064,1525,1025,1061">States</WORD>
<WORD coords="1561,1061,1676,1034,1061">were</WORD>
<WORD coords="1711,1059,1854,1023,1058">about</WORD>
<WORD coords="1889,1058,1913,1023,1058">5</WORD>
<WORD coords="1945,1068,2151,1020,1057">percent</WORD>
<WORD coords="2191,1065,2358,1020,1054">larger</WORD>
</LINE>
<LINE>
<WORD coords="230,1120,343,1084,1119">than</WORD>
<WORD coords="383,1120,430,1085,1120">in</WORD>
<WORD coords="468,1120,581,1085,1119">1934</WORD>
<WORD coords="614,1120,700,1087,1119">and</WORD>
<WORD coords="731,1122,845,1094,1121">were</WORD>
<WORD coords="883,1131,1054,1084,1121">larger</WORD>
<WORD coords="1092,1122,1203,1085,1121">than</WORD>
<WORD coords="1239,1120,1319,1086,1120">the</WORD>
<WORD coords="1356,1131,1526,1087,1121">5-year</WORD>
<WORD coords="1567,1129,1876,1076,1120">(1930-1934)</WORD>
<WORD coords="1918,1128,2145,1091,1118">average.</WORD>
</LINE>
</PARAGRAPH>
<PARAGRAPH>
<LINE>
<WORD coords="439,1251,695,1203,1240">Shipments</WORD>
<WORD coords="735,1241,843,1203,1240">into</WORD>
<WORD coords="883,1240,962,1204,1239">the</WORD>
<WORD coords="1001,1240,1024,1206,1240">5</WORD>
<WORD coords="1061,1242,1174,1207,1240">Corn</WORD>
<WORD coords="1206,1242,1318,1206,1240">Belt</WORD>
<WORD coords="1357,1244,1525,1204,1242">Status</WORD>
<WORD coords="1564,1241,1674,1205,1240">east</WORD>
<WORD coords="1712,1240,1765,1202,1239">of</WORD>
<WORD coords="1803,1238,1883,1203,1237">the</WORD>
<WORD coords="1918,1245,2238,1199,1237">Mississippi</WORD>
<WORD coords="2273,1234,2420,1199,1233">River</WORD>
</LINE>
<LINE>
<WORD coords="229,1300,493,1265,1299">continued</WORD>
<WORD coords="526,1310,816,1263,1300">relatively</WORD>
<WORD coords="851,1311,993,1264,1301">large</WORD>
<WORD coords="1032,1300,1084,1265,1300">in</WORD>
<WORD coords="1118,1309,1343,1265,1301">October,</WORD>
<WORD coords="1384,1300,1466,1266,1300">but</WORD>
<WORD coords="1504,1302,1589,1265,1301">did</WORD>
<WORD coords="1622,1300,1704,1265,1299">not</WORD>
<WORD coords="1745,1300,1857,1264,1298">show</WORD>
<WORD coords="1890,1298,1942,1273,1297">as</WORD>
<WORD coords="1980,1306,2119,1261,1297">large</WORD>
<WORD coords="2157,1294,2214,1270,1294">an</WORD>
<WORD coords="2249,1294,2330,1259,1293">in-</WORD>
</LINE>
<LINE>
<WORD coords="229,1360,400,1333,1359">crease</WORD>
<WORD coords="440,1361,549,1333,1360">aver</WORD>
<WORD coords="583,1362,785,1323,1360">October</WORD>
<WORD coords="823,1361,937,1323,1360">1934</WORD>
<WORD coords="969,1361,1022,1336,1360">as</WORD>
<WORD coords="1059,1360,1143,1325,1360">did</WORD>
<WORD coords="1180,1372,1437,1325,1361">shipments</WORD>
<WORD coords="1477,1361,1584,1325,1360">into</WORD>
<WORD coords="1627,1361,1701,1324,1360">the</WORD>
<WORD coords="1739,1362,1945,1323,1359">Western</WORD>
<WORD coords="1981,1359,2095,1324,1356">Corn</WORD>
<WORD coords="2128,1357,2263,1319,1354">Belt.</WORD>
<WORD coords="2334,1355,2418,1320,1353">For</WORD>
</LINE>
<LINE>
<WORD coords="405,1419,460,1393,1418">ur</WORD>
<WORD coords="495,1426,690,1385,1418">months,</WORD>
<WORD coords="731,1430,847,1383,1420">July</WORD>
<WORD coords="884,1420,933,1386,1420">to</WORD>
<WORD coords="970,1423,1170,1385,1421">October</WORD>
<WORD coords="1214,1422,1290,1384,1420">the</WORD>
<WORD coords="1329,1421,1464,1383,1420">total</WORD>
<WORD coords="1507,1421,1616,1384,1420">into</WORD>
<WORD coords="1656,1420,1735,1383,1420">the</WORD>
<WORD coords="1771,1421,1974,1382,1418">Eastern</WORD>
<WORD coords="2012,1418,2124,1384,1415">Corn</WORD>
<WORD coords="2158,1416,2269,1379,1414">Belt</WORD>
<WORD coords="2305,1414,2388,1389,1414">was</WORD>
</LINE>
<LINE>
<WORD coords="352,1478,369,1445,1478">1</WORD>
<WORD coords="411,1479,431,1456,1479">r</WORD>
<WORD coords="500,1481,549,1443,1480">st</WORD>
<WORD coords="589,1480,727,1445,1479">since</WORD>
<WORD coords="764,1486,898,1443,1480">1926,</WORD>
<WORD coords="940,1480,992,1444,1479">at</WORD>
<WORD coords="1031,1487,1194,1444,1480">least,</WORD>
<WORD coords="1236,1481,1323,1446,1480">and</WORD>
<WORD coords="1358,1482,1439,1445,1481">the</WORD>
<WORD coords="1470,1491,1767,1445,1479">proportion</WORD>
<WORD coords="1802,1479,1854,1441,1478">of</WORD>
<WORD coords="1896,1478,1972,1441,1478">the</WORD>
<WORD coords="2012,1476,2151,1440,1475">total</WORD>
<WORD coords="2191,1484,2448,1438,1473">snipments</WORD>
</LINE>
<LINE>
<WORD coords="232,1540,339,1503,1540">into</WORD>
<WORD coords="387,1541,462,1503,1540">the</WORD>
<WORD coords="499,1542,612,1507,1539">Corn</WORD>
<WORD coords="644,1542,754,1503,1540">Belt</WORD>
<WORD coords="791,1551,937,1504,1540">going</WORD>
<WORD coords="974,1541,1080,1505,1540">into</WORD>
<WORD coords="1123,1542,1202,1505,1541">the</WORD>
<WORD coords="1237,1540,1260,1505,1540">5</WORD>
<WORD coords="1297,1543,1502,1505,1541">Bastern</WORD>
<WORD coords="1535,1542,1651,1507,1540">Corn</WORD>
<WORD coords="1682,1541,1795,1504,1539">Belt</WORD>
<WORD coords="1834,1541,2002,1503,1537">States</WORD>
<WORD coords="2038,1537,2121,1510,1536">was</WORD>
<WORD coords="2162,1536,2241,1499,1535">the</WORD>
<WORD coords="2277,1544,2477,1497,1533">largest</WORD>
</LINE>
<LINE>
<WORD coords="231,1600,285,1574,1599">on</WORD>
<WORD coords="321,1602,514,1565,1599">record.</WORD>
<WORD coords="582,1611,786,1565,1599">Reports</WORD>
<WORD coords="823,1600,938,1564,1599">from</WORD>
<WORD coords="974,1601,1108,1564,1600">these</WORD>
<WORD coords="1149,1603,1319,1566,1600">States</WORD>
<WORD coords="1360,1601,1587,1566,1599">indicate</WORD>
<WORD coords="1627,1600,1735,1564,1599">that</WORD>
<WORD coords="1778,1599,1854,1562,1599">the</WORD>
<WORD coords="1892,1597,2062,1562,1596">number</WORD>
<WORD coords="2100,1596,2152,1559,1595">of</WORD>
<WORD coords="2189,1595,2358,1559,1593">cattle</WORD>
<WORD coords="2395,1593,2481,1557,1593">fed</WORD>
</LINE>
<LINE>
<WORD coords="232,1660,339,1623,1658">this</WORD>
<WORD coords="380,1661,552,1633,1660">season</WORD>
<WORD coords="584,1660,697,1623,1659">will</WORD>
<WORD coords="732,1661,787,1623,1660">be</WORD>
<WORD coords="825,1670,1173,1624,1659">considerably</WORD>
<WORD coords="1208,1671,1379,1625,1660">larger</WORD>
<WORD coords="1419,1661,1528,1624,1660">than</WORD>
<WORD coords="1564,1661,1700,1623,1660">last.</WORD>
</LINE>
</PARAGRAPH>
<PARAGRAPH>
<LINE>
<WORD coords="438,1782,521,1742,1780">The</WORD>
<WORD coords="558,1789,848,1743,1778">relatively</WORD>
<WORD coords="884,1790,1023,1743,1779">large</WORD>
<WORD coords="1063,1791,1320,1744,1779">shipments</WORD>
<WORD coords="1358,1780,1473,1743,1779">from</WORD>
<WORD coords="1508,1787,1795,1744,1777">stockyards</WORD>
<WORD coords="1831,1777,2032,1743,1775">markets</WORD>
<WORD coords="2073,1774,2181,1740,1773">into</WORD>
<WORD coords="2220,1773,2300,1738,1772">the</WORD>
<WORD coords="2339,1773,2421,1737,1771">six</WORD>
</LINE>
<LINE>
<WORD coords="228,1841,434,1801,1838">Western</WORD>
<WORD coords="470,1840,582,1804,1837">Corn</WORD>
<WORD coords="615,1840,726,1802,1838">Belt</WORD>
<WORD coords="766,1840,809,1803,1839">St</WORD>
<WORD coords="976,1838,1023,1805,1837">io</WORD>
<WORD coords="1060,1844,1260,1803,1841">October</WORD>
<WORD coords="1295,1850,1497,1803,1839">brought</WORD>
<WORD coords="1539,1840,1618,1802,1838">the</WORD>
<WORD coords="1656,1838,1795,1802,1837">total</WORD>
<WORD coords="1831,1837,2061,1799,1836">movement</WORD>
<WORD coords="2100,1833,2182,1798,1832">for</WORD>
<WORD coords="2220,1833,2300,1797,1832">the</WORD>
<WORD coords="2337,1831,2448,1796,1831">four</WORD>
</LINE>
<LINE>
<WORD coords="228,1902,426,1861,1896">months,</WORD>
<WORD coords="466,1906,582,1862,1897">July</WORD>
<WORD coords="619,1896,668,1864,1896">to</WORD>
<WORD coords="704,1905,928,1861,1898">October,</WORD>
<WORD coords="974,1898,977,1874,1897">\</WORD>
<WORD coords="1007,1896,1009,1862,1896">i</WORD>
<WORD coords="1157,1898,1213,1861,1898">bh</WORD>
<WORD coords="1274,1900,1409,1861,1898">total</WORD>
<WORD coords="1446,1897,1529,1873,1896">i'jy</WORD>
<WORD coords="1569,1898,1648,1862,1897">the</WORD>
<WORD coords="1686,1897,1797,1872,1896">same</WORD>
<WORD coords="1828,1906,2007,1860,1895">period</WORD>
<WORD coords="2040,1895,2152,1859,1894">last</WORD>
<WORD coords="2187,1902,2324,1867,1891">year,</WORD>
<WORD coords="2365,1891,2448,1856,1891">but</WORD>
</LINE>
<LINE>
<WORD coords="229,1955,345,1920,1954">with</WORD>
<WORD coords="384,1956,461,1919,1956">the</WORD>
<WORD coords="500,1967,761,1920,1956">exception</WORD>
<WORD coords="794,1957,847,1920,1956">of</WORD>
<WORD coords="885,1956,993,1921,1955">last</WORD>
<WORD coords="1029,1966,1164,1930,1957">year,</WORD>
<WORD coords="1212,1956,1260,1922,1956">it</WORD>
<WORD coords="1296,1959,1379,1931,1958">was</WORD>
<WORD coords="1419,1958,1500,1921,1957">the</WORD>
<WORD coords="1537,1956,1765,1920,1955">smallest</WORD>
<WORD coords="1803,1954,1883,1918,1953">for</WORD>
<WORD coords="1927,1954,2000,1917,1953">the</WORD>
<WORD coords="2035,1964,2215,1916,1951">period</WORD>
<WORD coords="2251,1950,2302,1916,1949">in</WORD>
<WORD coords="2336,1950,2388,1916,1950">at</WORD>
</LINE>
<LINE>
<WORD coords="231,2017,370,1979,2016">least</WORD>
<WORD coords="409,2016,459,1981,2015">15</WORD>
<WORD coords="496,2025,662,1990,2016">years.</WORD>
<WORD coords="733,2027,934,1983,2017">Reports</WORD>
<WORD coords="973,2017,1088,1980,2016">from</WORD>
<WORD coords="1123,2018,1252,1981,2017">thes&#xAB;</WORD>
<WORD coords="1300,2021,1468,1982,2017">States</WORD>
<WORD coords="1507,2018,1620,1980,2016">show</WORD>
<WORD coords="1654,2016,1679,1992,2016">a</WORD>
<WORD coords="1714,2015,1976,1979,2013">continued</WORD>
<WORD coords="2009,2021,2154,1977,2012">heavy</WORD>
<WORD coords="2186,2010,2417,1973,2009">movement</WORD>
</LINE>
<LINE>
<WORD coords="232,2086,404,2041,2076">during</WORD>
<WORD coords="437,2078,641,2041,2076">October</WORD>
<WORD coords="676,2077,728,2040,2076">of</WORD>
<WORD coords="766,2078,967,2041,2077">stocker</WORD>
<WORD coords="1003,2078,1086,2043,2077">and</WORD>
<WORD coords="1121,2078,1292,2041,2077">feeder</WORD>
<WORD coords="1329,2078,1499,2040,2076">cattle</WORD>
<WORD coords="1540,2086,1739,2039,2076">through</WORD>
<WORD coords="1774,2084,2093,2035,2073">large-scale</WORD>
<WORD coords="2128,2071,2332,2035,2069">auction</WORD>
</LINE>
<LINE>
<WORD coords="228,2136,431,2102,2135">markets</WORD>
<WORD coords="467,2136,555,2102,2135">and</WORD>
<WORD coords="589,2136,757,2101,2135">direct</WORD>
<WORD coords="796,2137,846,2100,2136">to</WORD>
<WORD coords="883,2138,1112,2100,2137">feedlots</WORD>
<WORD coords="1148,2137,1235,2103,2136">and</WORD>
<WORD coords="1273,2137,1351,2101,2136">the</WORD>
<WORD coords="1388,2137,1559,2100,2136">number</WORD>
<WORD coords="1595,2136,1647,2099,2135">of</WORD>
<WORD coords="1683,2135,1856,2099,2133">cattle</WORD>
<WORD coords="1891,2134,1977,2096,2133">fed</WORD>
<WORD coords="2012,2132,2066,2096,2132">in</WORD>
<WORD coords="2098,2132,2182,2095,2131">all</WORD>
<WORD coords="2218,2130,2271,2094,2129">of</WORD>
<WORD coords="2309,2128,2449,2093,2127">these</WORD>
</LINE>
<LINE>
<WORD coords="232,2198,401,2161,2195">States</WORD>
<WORD coords="441,2196,492,2161,2195">is</WORD>
<WORD coords="530,2207,761,2160,2197">expected</WORD>
<WORD coords="797,2197,845,2160,2196">to</WORD>
<WORD coords="880,2198,935,2160,2197">be</WORD>
<WORD coords="973,2206,1145,2162,2196">larger</WORD>
<WORD coords="1182,2199,1291,2161,2197">this</WORD>
<WORD coords="1330,2197,1501,2171,2196">season</WORD>
<WORD coords="1538,2195,1650,2160,2194">than</WORD>
<WORD coords="1684,2197,1819,2159,2195">last.</WORD>
</LINE>
</PARAGRAPH>
<PARAGRAPH>
<LINE>
<WORD coords="435,2316,465,2281,2316">A</WORD>
<WORD coords="496,2325,759,2279,2315">plentiful</WORD>
<WORD coords="796,2327,968,2281,2315">supply</WORD>
<WORD coords="1003,2317,1055,2280,2316">of</WORD>
<WORD coords="1090,2325,1173,2281,2316">hay</WORD>
<WORD coords="1208,2317,1295,2282,2316">and</WORD>
<WORD coords="1330,2326,1559,2280,2315">roughage</WORD>
<WORD coords="1593,2315,1681,2280,2314">and</WORD>
<WORD coords="1713,2314,1799,2279,2313">low</WORD>
<WORD coords="1829,2324,2002,2278,2311">prices</WORD>
<WORD coords="2039,2310,2125,2276,2309">for</WORD>
<WORD coords="2162,2309,2300,2274,2308">these</WORD>
<WORD coords="2338,2308,2392,2273,2307">in</WORD>
</LINE>
<LINE>
<WORD coords="229,2375,313,2339,2374">all</WORD>
<WORD coords="357,2376,432,2339,2375">the</WORD>
<WORD coords="472,2377,585,2342,2375">Corn</WORD>
<WORD coords="615,2378,727,2339,2376">Belt</WORD>
<WORD coords="767,2381,960,2341,2375">States,</WORD>
<WORD coords="999,2376,1117,2340,2375">with</WORD>
<WORD coords="1151,2385,1441,2339,2376">relatively</WORD>
<WORD coords="1476,2384,1618,2341,2374">large</WORD>
<WORD coords="1654,2374,1854,2337,2372">amounts</WORD>
<WORD coords="1891,2371,1943,2336,2371">of</WORD>
<WORD coords="1983,2371,2091,2334,2370">soft</WORD>
<WORD coords="2131,2369,2243,2343,2368">corn</WORD>
<WORD coords="2279,2368,2332,2333,2367">in</WORD>
</LINE>
<LINE>
<WORD coords="233,2434,343,2409,2433">some</WORD>
<WORD coords="383,2434,550,2400,2433">^tatcs</WORD>
<WORD coords="618,2434,702,2400,2433">and</WORD>
<WORD coords="734,2434,760,2410,2434">a</WORD>
<WORD coords="792,2433,902,2400,2433">hi"''</WORD>
<WORD coords="902,2422,906,2412,2422">1</WORD>
<WORD coords="941,2435,1171,2399,2434">moisture</WORD>
<WORD coords="1210,2435,1408,2400,2433">content</WORD>
<WORD coords="1447,2434,1499,2399,2433">of</WORD>
<WORD coords="1534,2433,1616,2399,2432">all</WORD>
<WORD coords="1656,2433,1769,2407,2431">corn</WORD>
<WORD coords="1813,2430,1886,2408,2426">"9:!</WORD>
<WORD coords="1894,2422,1914,2407,2422">r,</WORD>
<WORD coords="1922,2429,1957,2406,2429">r'</WORD>
<WORD coords="1960,2421,1969,2407,2421">i</WORD>
<WORD coords="1982,2428,2064,2396,2428">l]"'</WORD>
<WORD coords="2102,2429,2155,2393,2428">in</WORD>
<WORD coords="2187,2427,2298,2392,2424">most</WORD>
</LINE>
<LINE>
<WORD coords="234,2496,401,2457,2494">States</WORD>
<WORD coords="441,2493,550,2459,2492">east</WORD>
<WORD coords="588,2493,640,2458,2492">of</WORD>
<WORD coords="678,2494,758,2458,2492">the</WORD>
<WORD coords="792,2496,1023,2458,2494">Missouri</WORD>
<WORD coords="1057,2502,1224,2457,2494">River,</WORD>
<WORD coords="1268,2494,1381,2470,2493">nave</WORD>
<WORD coords="1415,2494,1710,2457,2492">maintained</WORD>
<WORD coords="1743,2491,1768,2467,2491">a</WORD>
<WORD coords="1800,2490,1947,2455,2490">broad</WORD>
<WORD coords="1981,2490,2155,2453,2488">demand</WORD>
<WORD coords="2189,2486,2272,2451,2485">for</WORD>
</LINE>
<LINE>
<WORD coords="234,2553,434,2517,2552">stocker</WORD>
<WORD coords="469,2553,555,2519,2552">and</WORD>
<WORD coords="588,2554,758,2517,2552">feeder</WORD>
<WORD coords="795,2556,966,2517,2554">cattle</WORD>
<WORD coords="1004,2565,1175,2517,2554">during</WORD>
<WORD coords="1210,2555,1380,2519,2553">recent</WORD>
<WORD coords="1415,2554,1556,2518,2553">weeks</WORD>
<WORD coords="1593,2552,1681,2518,2552">and</WORD>
<WORD coords="1709,2562,1883,2516,2550">prices</WORD>
<WORD coords="1921,2549,1973,2513,2549">of</WORD>
<WORD coords="2012,2548,2125,2512,2547">such</WORD>
<WORD coords="2161,2547,2330,2509,2545">cattle</WORD>
</LINE>
<LINE>
<WORD coords="230,2612,343,2577,2611">made</WORD>
<WORD coords="381,2614,553,2575,2612">little</WORD>
<WORD coords="591,2614,819,2577,2612">seasonal</WORD>
<WORD coords="855,2613,1055,2577,2612">decline</WORD>
<WORD coords="1092,2622,1265,2577,2614">during</WORD>
<WORD coords="1297,2615,1521,2576,2612">October.</WORD>
</LINE>
</PARAGRAPH>
<PARAGRAPH>
<LINE>
<WORD coords="436,2731,496,2696,2730">An</WORD>
<WORD coords="527,2742,790,2694,2731">unusually</WORD>
<WORD coords="826,2742,963,2694,2731">large</WORD>
<WORD coords="998,2742,1294,2696,2731">proportion</WORD>
<WORD coords="1328,2730,1382,2695,2730">of</WORD>
<WORD coords="1418,2731,1442,2694,2731">f</WORD>
<WORD coords="1448,2731,1587,2695,2730">deder</WORD>
<WORD coords="1626,2730,1795,2694,2728">calves</WORD>
<WORD coords="1832,2727,1917,2693,2727">and</WORD>
<WORD coords="1951,2726,2003,2691,2725">of</WORD>
<WORD coords="2041,2726,2152,2700,2725">cows</WORD>
<WORD coords="2188,2724,2274,2689,2723">and</WORD>
</LINE>
<LINE>
<WORD coords="300,2791,433,2753,2789">Lfers</WORD>
<WORD coords="474,2789,527,2756,2789">in</WORD>
<WORD coords="561,2792,759,2757,2790">stocker</WORD>
<WORD coords="793,2791,881,2757,2791">and</WORD>
<WORD coords="915,2792,1086,2755,2791">feeder</WORD>
<WORD coords="1123,2801,1380,2756,2790">shipments</WORD>
<WORD coords="1421,2791,1527,2756,2790">this</WORD>
<WORD coords="1562,2800,1677,2763,2789">year</WORD>
<WORD coords="1717,2790,1766,2754,2790">is</WORD>
<WORD coords="1805,2789,1945,2753,2787">shown</WORD>
<WORD coords="1978,2795,2035,2751,2786">by</WORD>
<WORD coords="2069,2785,2269,2749,2783">records</WORD>
<WORD coords="2306,2782,2390,2747,2782">for</WORD>
</LINE>
<LINE>
<WORD coords="233,2849,346,2814,2848">four</WORD>
<WORD coords="381,2860,583,2815,2849">leading</WORD>
<WORD coords="616,2852,816,2816,2850">markets</WORD>
<WORD coords="855,2861,1087,2816,2850">covering</WORD>
<WORD coords="1123,2861,1380,2815,2850">shipments</WORD>
<WORD coords="1417,2850,1533,2815,2849">from</WORD>
<WORD coords="1568,2850,1707,2813,2849">these</WORD>
<WORD coords="1741,2848,1941,2813,2846">markets</WORD>
<WORD coords="1981,2854,2154,2810,2844">during</WORD>
<WORD coords="2192,2851,2270,2803,2844">ch/e</WORD>
<WORD coords="2306,2843,2417,2807,2841">four</WORD>
</LINE>
<LINE>
<WORD coords="231,2916,426,2874,2910">months,</WORD>
<WORD coords="468,2920,583,2874,2911">July</WORD>
<WORD coords="620,2910,668,2876,2909">to</WORD>
<WORD coords="705,2912,930,2876,2910">October.</WORD>
<WORD coords="1003,2913,1085,2875,2911">Cue</WORD>
<WORD coords="1124,2922,1379,2875,2911">shipments</WORD>
<WORD coords="1417,2910,1470,2875,2909">of</WORD>
<WORD coords="1507,2910,1677,2875,2909">calves</WORD>
<WORD coords="1711,2908,1823,2882,2907">were</WORD>
<WORD coords="1864,2906,1943,2872,2905">the</WORD>
<WORD coords="1981,2914,2181,2868,2904">largest</WORD>
<WORD coords="2219,2902,2271,2868,2902">in</WORD>
<WORD coords="2308,2901,2348,2867,2900">1]</WORD>
</LINE>
<LINE>
<WORD coords="230,2978,373,2943,2969">years</WORD>
<WORD coords="410,2969,463,2933,2968">of</WORD>
<WORD coords="499,2970,673,2936,2968">record</WORD>
<WORD coords="706,2970,792,2935,2970">and</WORD>
<WORD coords="825,2970,877,2933,2969">of</WORD>
<WORD coords="915,2971,1025,2945,2970">cows</WORD>
<WORD coords="1061,2970,1146,2937,2970">and</WORD>
<WORD coords="1179,2971,1379,2934,2970">heifers</WORD>
<WORD coords="1415,2969,1529,2944,2968">were</WORD>
<WORD coords="1567,2968,1647,2933,2968">the</WORD>
<WORD coords="1684,2977,1883,2932,2967">largest</WORD>
<WORD coords="1923,2966,2061,2931,2964">since</WORD>
<WORD coords="2099,2968,2233,2925,2964">1929,</WORD>
<WORD coords="2275,2962,2327,2926,2961">at</WORD>
</LINE>
<LINE>
<WORD coords="232,3029,396,2992,3027">least.</WORD>
<WORD coords="468,3031,523,2991,3029">Of</WORD>
<WORD coords="560,3029,642,2993,3028">the</WORD>
<WORD coords="679,3030,847,2994,3028">steers</WORD>
<WORD coords="887,3039,1087,2993,3029">shipped</WORD>
<WORD coords="1121,3030,1237,2993,3029">from</WORD>
<WORD coords="1271,3030,1410,2993,3029">these</WORD>
<WORD coords="1445,3028,1646,2993,3027">markets</WORD>
<WORD coords="1687,3027,1766,2991,3026">the</WORD>
<WORD coords="1797,3036,2121,2989,3023">proportions</WORD>
<WORD coords="2158,3021,2211,2986,3020">of</WORD>
<WORD coords="2244,3029,2389,2986,3020">heavy</WORD>
</LINE>
<LINE>
<WORD coords="232,3088,433,3052,3087">feeders</WORD>
<WORD coords="475,3098,599,3045,3088">(ovei</WORD>
<WORD coords="651,3089,653,3067,3089">;</WORD>
<WORD coords="846,3098,960,3047,3090">mds)</WORD>
<WORD coords="1004,3090,1087,3055,3089">and</WORD>
<WORD coords="1121,3090,1172,3053,3089">of</WORD>
<WORD coords="1212,3099,1349,3052,3089">light</WORD>
<WORD coords="1390,3090,1617,3052,3089">stockers</WORD>
<WORD coords="1652,3088,1766,3061,3087">were</WORD>
<WORD coords="1802,3096,1972,3051,3084">larger</WORD>
<WORD coords="2012,3085,2123,3050,3084">tran</WORD>
<WORD coords="2159,3082,2267,3047,3081">last</WORD>
<WORD coords="2302,3090,2416,3054,3080">year</WORD>
</LINE>
<LINE>
<WORD coords="231,3147,317,3112,3146">and</WORD>
<WORD coords="355,3148,434,3111,3147">the</WORD>
<WORD coords="465,3159,788,3113,3148">proportions</WORD>
<WORD coords="828,3148,877,3114,3148">of</WORD>
<WORD coords="912,3149,1088,3115,3148">medium</WORD>
<WORD coords="1118,3160,1320,3113,3150">weights</WORD>
<WORD coords="1355,3149,1469,3123,3148">were</WORD>
<WORD coords="1507,3149,1729,3111,3147">smaller.</WORD>
</LINE>
</PARAGRAPH>
<PARAGRAPH>
<LINE>
<WORD coords="436,3234,640,3190,3223">Reports</WORD>
<WORD coords="677,3226,793,3190,3224">from</WORD>
<WORD coords="822,3226,935,3192,3225">most</WORD>
<WORD coords="974,3226,1026,3189,3226">of</WORD>
<WORD coords="1065,3227,1143,3190,3226">the</WORD>
<WORD coords="1179,3229,1385,3191,3227">Western</WORD>
<WORD coords="1418,3228,1610,3191,3225">States,</WORD>
<WORD coords="1653,3225,1738,3189,3223">and</WORD>
<WORD coords="1772,3222,1888,3187,3221">from</WORD>
<WORD coords="1919,3226,2085,3188,3220">Texas,</WORD>
<WORD coords="2130,3218,2358,3182,3217">indicate</WORD>
</LINE>
<LINE>
<WORD coords="231,3285,340,3248,3283">that</WORD>
<WORD coords="386,3285,460,3248,3284">bhe</WORD>
<WORD coords="497,3285,669,3249,3284">number</WORD>
<WORD coords="704,3286,756,3250,3286">of</WORD>
<WORD coords="793,3287,963,3251,3286">cattle</WORD>
<WORD coords="1001,3288,1085,3249,3287">fed</WORD>
<WORD coords="1122,3287,1229,3250,3286">this</WORD>
<WORD coords="1269,3287,1441,3261,3285">season</WORD>
<WORD coords="1473,3286,1585,3247,3285">will</WORD>
<WORD coords="1619,3283,1675,3248,3283">be</WORD>
<WORD coords="1712,3292,1882,3248,3282">larger</WORD>
<WORD coords="1920,3280,2033,3246,3280">than</WORD>
<WORD coords="2069,3285,2202,3244,3278">last,</WORD>
<WORD coords="2242,3277,2357,3242,3276">with</WORD>
</LINE>
</PARAGRAPH>
<PARAGRAPH>
<LINE>
<WORD coords="490,3347,578,3311,3346">tent</WORD>
<WORD coords="619,3345,666,3319,3345">zo</WORD>
<WORD coords="703,3347,848,3311,3346">ranch</WORD>
<WORD coords="877,3357,1110,3312,3345">past-ores</WORD>
<WORD coords="1148,3347,1231,3322,3346">ana</WORD>
<WORD coords="1266,3348,1381,3310,3346">feed</WORD>
<WORD coords="1416,3345,1525,3311,3344">lots</WORD>
<WORD coords="1565,3345,1618,3309,3345">in</WORD>
<WORD coords="1652,3344,1999,3305,3341">considerable</WORD>
<WORD coords="2035,3339,2209,3303,3338">volume</WORD>
<WORD coords="2241,3346,2298,3301,3336">by</WORD>
<WORD coords="2334,3337,2414,3302,3336">the</WORD>
</LINE>
<LINE>
<WORD coords="232,3405,314,3371,3404">end</WORD>
<WORD coords="348,3406,401,3369,3405">of</WORD>
<WORD coords="435,3408,660,3371,3405">Octob-r.</WORD>
<WORD coords="731,3408,904,3373,3407">Feeder</WORD>
<WORD coords="941,3408,1111,3373,3407">cattle</WORD>
<WORD coords="1149,3418,1406,3371,3407">shipments</WORD>
<WORD coords="1444,3405,1559,3370,3404">from</WORD>
<WORD coords="1589,3406,1791,3369,3403">markets</WORD>
<WORD coords="1831,3402,1938,3367,3401">into</WORD>
<WORD coords="1979,3400,2059,3364,3400">the</WORD>
<WORD coords="2094,3404,2376,3363,3398">Lancaster,</WORD>
</LINE>
<LINE>
<WORD coords="225,3468,581,3424,3458">Pennsylvania</WORD>
<WORD coords="614,3471,817,3424,3460">feeding</WORD>
<WORD coords="849,3461,966,3435,3460">area</WORD>
<WORD coords="1002,3461,1140,3427,3460">since</WORD>
<WORD coords="1174,3465,1249,3425,3463">Ju]</WORD>
<WORD coords="1279,3457,1289,3435,3457">r</WORD>
<WORD coords="1325,3461,1406,3424,3460">hav</WORD>
<WORD coords="1470,3459,1586,3424,3458">been</WORD>
<WORD coords="1620,3464,1912,3420,3456">relatively</WORD>
<WORD coords="1947,3463,2111,3419,3452">large,</WORD>
<WORD coords="2152,3460,2297,3416,3450">being</WORD>
<WORD coords="2333,3450,2413,3425,3450">ex-</WORD>
</LINE>
<LINE>
<WORD coords="229,3500,403,3465,3498">ceeded</WORD>
<WORD coords="439,3500,491,3466,3500">in</WORD>
<WORD coords="525,3510,640,3466,3500">only</WORD>
<WORD coords="673,3501,755,3476,3501">one</WORD>
<WORD coords="789,3510,902,3476,3500">year</WORD>
<WORD coords="941,3502,993,3464,3501">of</WORD>
<WORD coords="1029,3502,1202,3467,3501">record</WORD>
<WORD coords="1236,3493,1260,3486,3495">-</WORD>
<WORD coords="1296,3501,1408,3465,3499">1954</WORD>
<WORD coords="1443,3491,1466,3486,3494">-</WORD>
<WORD coords="1500,3502,1616,3464,3500">when</WORD>
<WORD coords="1652,3499,1998,3461,3496">considerable</WORD>
<WORD coords="2035,3493,2235,3460,3492">numbers</WORD>
<WORD coords="2271,3491,2319,3466,3490">ox</WORD>
</LINE>
<LINE>
<WORD coords="228,3554,308,3517,3552">Gov</WORD>
<WORD coords="465,3553,517,3517,3553">nt</WORD>
<WORD coords="556,3565,753,3517,3553">drought</WORD>
<WORD coords="791,3554,963,3519,3552">cattle</WORD>
<WORD coords="998,3555,1111,3527,3554">were</WORD>
<WORD coords="1150,3554,1399,3518,3553">included.</WORD>
</LINE>
</PARAGRAPH>
</REGION>
</PAGECOLUMN>
</HIDDENTEXT>
</OBJECT>
  </BODY>
</DjVuXML>
