<?xml version="1.0"?>
<!DOCTYPE DjVuXML>
<DjVuXML>
  <BODY>
    <OBJECT data="file://localhost//var/tmp/autoclean/derive/cattle1935nov//cattle1935nov.djvu" height="3346" type="image/x.djvu" usemap="cattle1935nov_0002.djvu" width="2774">
<PARAM name="PAGE" value="cattle1935nov_0002.djvu"/>
<PARAM name="DPI" value="350"/>
<HIDDENTEXT>
<PAGECOLUMN>
<REGION>
<PARAGRAPH>
<LINE>
<WORD coords="2073,116,2077,104,116">,</WORD>
<WORD coords="2075,99,2116,75,97">UN</WORD>
<WORD coords="2122,107,2195,81,106">^ER</WORD>
<WORD coords="2201,115,2265,89,111">SIT&gt;</WORD>
</LINE>
</PARAGRAPH>
</REGION>
</PAGECOLUMN>
<PAGECOLUMN>
<REGION>
<PARAGRAPH>
<LINE>
<WORD coords="2058,272,2576,96,239">fligipi</WORD>
</LINE>
</PARAGRAPH>
</REGION>
</PAGECOLUMN>
</HIDDENTEXT>
</OBJECT>
  </BODY>
</DjVuXML>
