<?xml version="1.0"?>
<METS:mets xmlns:xsi="http://www.w3.org/2001/XMLSchema-instance" xmlns:METS="http://www.loc.gov/METS/" xmlns:PREMIS="info:lc/xmlns/premis-v2" xmlns:xlink="http://www.w3.org/1999/xlink" xmlns:HT="http://www.hathitrust.org/ht_extension" xmlns:HTPREMIS="http://www.hathitrust.org/premis_extension" OBJID="ufl1.ark:/13960/t3mw3px6k" PROFILE="http://www.hathitrust.org/documents/hathitrust-mets-profile2.1.xml" xsi:schemaLocation="http://www.loc.gov/METS/ http://www.loc.gov/standards/mets/mets.xsd info:lc/xmlns/premis-v2 http://www.loc.gov/standards/premis/v2/premis-v2-0.xsd">
  <METS:metsHdr ID="HDR1" CREATEDATE="2018-06-07T08:20:26Z" RECORDSTATUS="NEW">
    <METS:agent TYPE="ORGANIZATION" ROLE="CREATOR">
      <METS:name>HathiTrust</METS:name>
    </METS:agent>
    <METS:altRecordID TYPE="IAidentifier">ia.cattle1935nov</METS:altRecordID>
  </METS:metsHdr>
  <METS:dmdSec ID="DMD1">
    <METS:mdWrap LABEL="MARC record" MIMETYPE="text/xml" MDTYPE="MARC">
      <METS:xmlData>
        <record xmlns="http://www.loc.gov/MARC21/slim">
  <leader>01666cas a2200385 a 4500</leader><controlfield tag="001">ufl1.ark:/13960/t3mw3px6k</controlfield><controlfield tag="003">MiAaHDL</controlfield><controlfield tag="005">20180605000000.0</controlfield><controlfield tag="006">m        d        </controlfield><controlfield tag="007">cr bn ---auaua</controlfield><controlfield tag="008">030703d19uu19uudcumr p   s  f0    0eng c</controlfield>
  
  
  
  
  
  
  <datafield tag="010" ind1=" " ind2=" ">
    <subfield code="a">2011229345</subfield>
  </datafield>
  <datafield tag="035" ind1=" " ind2=" ">
    <subfield code="a">sdr-ufdc029026578</subfield>
  </datafield>
  <datafield tag="035" ind1=" " ind2=" ">
    <subfield code="a">(OCoLC)85233313</subfield>
  </datafield>
  <datafield tag="040" ind1=" " ind2=" ">
    <subfield code="a">WAU</subfield>
    <subfield code="b">eng</subfield>
    <subfield code="c">WAU</subfield>
    <subfield code="d">WAU</subfield>
    <subfield code="d">OCLCQ</subfield>
    <subfield code="d">FUG</subfield>
    <subfield code="d">OCLCF</subfield>
    <subfield code="d">FUG</subfield>
  </datafield>
  <datafield tag="042" ind1=" " ind2=" ">
    <subfield code="a">pcc</subfield>
  </datafield>
  <datafield tag="043" ind1=" " ind2=" ">
    <subfield code="a">n-us---</subfield>
  </datafield>
  <datafield tag="049" ind1=" " ind2=" ">
    <subfield code="a">FUGG</subfield>
  </datafield>
  <datafield tag="086" ind1="0" ind2=" ">
    <subfield code="a">A 88.2:C 29/2/</subfield>
  </datafield>
  <datafield tag="245" ind1="0" ind2="0">
    <subfield code="a">Cattle feeding situation.</subfield>
  </datafield>
  <datafield tag="260" ind1=" " ind2=" ">
    <subfield code="a">Washington, D.C. :</subfield>
    <subfield code="b">U.S. Dept. of Agriculture, Bureau of Agricultural Economics.</subfield>
  </datafield>
  <datafield tag="300" ind1=" " ind2=" ">
    <subfield code="a">v. ;</subfield>
    <subfield code="c">27 cm.</subfield>
  </datafield>
  <datafield tag="310" ind1=" " ind2=" ">
    <subfield code="a">Monthly</subfield>
  </datafield>
  <datafield tag="538" ind1=" " ind2=" ">
    <subfield code="a">Mode of access: Internet.</subfield>
  </datafield>
  <datafield tag="550" ind1=" " ind2=" ">
    <subfield code="a">Issued by: U.S. Dept. of Agriculture, Bureau of Agricultural Economics, &lt;1947&gt;-1953; by: Agricultural Marketing Service, &lt;1954-&gt;</subfield>
  </datafield>
  <datafield tag="583" ind1="1" ind2=" ">
    <subfield code="5">flgafar</subfield>
    <subfield code="a">condition reviewed</subfield>
    <subfield code="c">20140414</subfield>
    <subfield code="f">FLARE</subfield>
    <subfield code="f">FDLP</subfield>
    <subfield code="j">FSTO</subfield>
  </datafield>
  <datafield tag="583" ind1="1" ind2=" ">
    <subfield code="5">flgafar</subfield>
    <subfield code="a">committed to retain</subfield>
    <subfield code="c">20140414</subfield>
    <subfield code="d">committed to retain permanently</subfield>
    <subfield code="f">FLARE</subfield>
    <subfield code="f">FDLP</subfield>
    <subfield code="j">FSTO</subfield>
  </datafield>
  <datafield tag="588" ind1=" " ind2=" ">
    <subfield code="a">Latest issue consulted: Nov. 1, 1954.</subfield>
  </datafield>
  <datafield tag="588" ind1=" " ind2=" ">
    <subfield code="a">Description based on: Oct. 1, 1928; title from caption.</subfield>
  </datafield>
  <datafield tag="650" ind1=" " ind2="7">
    <subfield code="a">Cattle</subfield>
    <subfield code="x">Feeding and feeds.</subfield>
    <subfield code="2">fast</subfield>
    <subfield code="0">(OCoLC)fst00849548</subfield>
  </datafield>
  <datafield tag="650" ind1=" " ind2="0">
    <subfield code="a">Cattle</subfield>
    <subfield code="x">Feeding and feeds</subfield>
    <subfield code="z">United States</subfield>
    <subfield code="v">Statistics</subfield>
    <subfield code="v">Periodicals.</subfield>
  </datafield>
  <datafield tag="651" ind1=" " ind2="7">
    <subfield code="a">United States.</subfield>
    <subfield code="2">fast</subfield>
    <subfield code="0">(OCoLC)fst01204155</subfield>
  </datafield>
  <datafield tag="655" ind1=" " ind2="7">
    <subfield code="a">Statistics.</subfield>
    <subfield code="2">fast</subfield>
    <subfield code="0">(OCoLC)fst01423727</subfield>
  </datafield>
  <datafield tag="655" ind1=" " ind2="7">
    <subfield code="a">Periodicals.</subfield>
    <subfield code="2">fast</subfield>
    <subfield code="0">(OCoLC)fst01411641</subfield>
  </datafield>
  <datafield tag="710" ind1="1" ind2=" ">
    <subfield code="a">United States.</subfield>
    <subfield code="b">Agricultural Marketing Service</subfield>
  </datafield>
  <datafield tag="710" ind1="1" ind2=" ">
    <subfield code="a">United States.</subfield>
    <subfield code="b">Bureau of Agricultural Economics.</subfield>
  </datafield>
  
  
  
  
  
  
  <datafield tag="974" ind1=" " ind2=" ">
    <subfield code="8">ia.cattle1935nov</subfield>
    <subfield code="d">20180606</subfield>
    <subfield code="s">ia</subfield>
    <subfield code="u">ufl1.ark:/13960/t3mw3px6k</subfield>
    <subfield code="z">1935:Nov.</subfield>
  </datafield>
</record>
      </METS:xmlData>
    </METS:mdWrap>
  </METS:dmdSec>
  <METS:dmdSec ID="DMD2">
    <METS:mdWrap LABEL="IA metadata" MIMETYPE="text/xml" MDTYPE="OTHER">
      <METS:xmlData>
        <metadata>
  <title>Cattle feeding situation</title>
  <volume>1935:Nov.</volume>
  <creator>United States.: Bureau of Agricultural Economics</creator>
  <subject>Cattle--Feeding and feeds--United States.</subject>
  <description>&lt;a href="http://uf.catalog.fcla.edu/uf.jsp?st=UF005439467&amp;ix=pm&amp;I=0&amp;V=D&amp;pm=1" rel="nofollow"&gt;http://uf.catalog.fcla.edu/uf.jsp?st=UF005439467&amp;ix=pm&amp;I=0&amp;V=D&amp;pm=1&lt;/a&gt;</description>
  <publisher>Washington, D.C. : U.S. Dept. of Agriculture, Bureau of Agricultural Economics</publisher>
  <language>eng</language>
  <page-progression>lr</page-progression>
  <sponsor>University of Florida, George A. Smathers Libraries with support from LYRASIS and the Sloan Foundation</sponsor>
  <contributor>University of Florida, George A. Smathers Libraries</contributor>
  <scanningcenter>nj</scanningcenter>
  <mediatype>texts</mediatype>
  <collection>ufusdacoes</collection>
  <collection>univ_florida_smathers</collection>
  <collection>americana</collection>
  <shiptracking>02-UFAG.5</shiptracking>
  <call_number>A 36.2:C 29/7/</call_number>
  <repub_state>4</repub_state>
  <updatedate>2012-10-09 16:03:55</updatedate>
  <updater>associate-jenna-risano</updater>
  <identifier>cattle1935nov</identifier>
  <uploader>associate-jenna-risano@archive.org</uploader>
  <addeddate>2012-10-09 16:03:57</addeddate>
  <publicdate>2012-10-09 16:04:12</publicdate>
  <scanner>scribe2.nj.archive.org</scanner>
  <repub_seconds>32</repub_seconds>
  <ppi>350</ppi>
  <camera>Canon EOS 5D Mark II</camera>
  <operator>associate-tim-nilsen@archive.org</operator>
  <scandate>20121011174358</scandate>
  <republisher>associate-joseph-ondreicka@archive.org</republisher>
  <imagecount>4</imagecount>
  <foldoutcount>0</foldoutcount>
  <identifier-access>http://archive.org/details/cattle1935nov</identifier-access>
  <identifier-ark>ark:/13960/t3mw3px6k</identifier-ark>
  <ocr>ABBYY FineReader 8.0</ocr>
  <scanfee>150</scanfee>
  <sponsordate>20121031</sponsordate>
  <backup_location>ia903908_31</backup_location>
</metadata>
      </METS:xmlData>
    </METS:mdWrap>
  </METS:dmdSec>
  <METS:amdSec ID="AMD1">
    <METS:techMD ID="TMD1">
      <METS:mdWrap LABEL="IA scandata" MIMETYPE="text/xml" MDTYPE="OTHER">
        <METS:xmlData>
          <book>
  <bookData>
    <bookId>cattle1935nov</bookId>
    <leafCount>4</leafCount>
    <cameraModel>Canon EOS 5D Mark II</cameraModel>
    <leftCameraId/>
    <rightCameraId/>
    <dpi>350</dpi>
    <folio>false</folio>
    <globalHandedness>
      <page-progression>lr</page-progression>
      <scanned-right-to-left>false</scanned-right-to-left>
      <scanned-upside-down>true</scanned-upside-down>
      <needs-rectification>true</needs-rectification>
    </globalHandedness>
    <autoCropVersion>0.1</autoCropVersion>
    <scanDataVersion>3</scanDataVersion>
  </bookData>
  <scanLog>
    <scanEvent>
      <scannerEmail>associate-tim-nilsen@archive.org</scannerEmail>
      <scribe>scribe2.nj.archive.org</scribe>
      <captures>2</captures>
      <recaptures>0</recaptures>
      <duration>8</duration>
      <startTimeStamp>20121011174350</startTimeStamp>
      <finishTimeStamp>20121011174358</finishTimeStamp>
    </scanEvent>
    <republishEvent>
      <republisherEmail>associate-joseph-ondreicka@archive.org</republisherEmail>
      <captures>0</captures>
      <recaptures>0</recaptures>
      <duration>27</duration>
      <startTimeStamp>20121015173420</startTimeStamp>
      <finishTimeStamp>20121015173447</finishTimeStamp>
    </republishEvent>
    <cropInfo>
      <bulkManualCropFrac>0</bulkManualCropFrac>
      <autocropped>true</autocropped>
    </cropInfo>
    <folio>false</folio>
  </scanLog>
  <pageData>
    <page leafNum="0">
      <handSide>LEFT</handSide>
      <pageType>Color Card</pageType>
      <addToAccessFormats>false</addToAccessFormats>
      <rotateDegree>-90</rotateDegree>
      <skewAngle>-2.27</skewAngle>
      <skewAngleDetect>-2.27</skewAngleDetect>
      <skewScore>2.50</skewScore>
      <skewActive>true</skewActive>
      <origWidth>3744</origWidth>
      <origHeight>5616</origHeight>
      <cropBox>
        <x>727</x>
        <y>860</y>
        <w>2684</w>
        <h>3628</h>
      </cropBox>
      <bookStart>true</bookStart>
      <ppi>350</ppi>
    </page>
    <page leafNum="1">
      <handSide>RIGHT</handSide>
      <pageType>Title</pageType>
      <addToAccessFormats>true</addToAccessFormats>
      <rotateDegree>90</rotateDegree>
      <origWidth>3744</origWidth>
      <origHeight>5616</origHeight>
      <ppi>350</ppi>
      <cropBox>
        <x>333</x>
        <y>860</y>
        <w>2684</w>
        <h>3628</h>
      </cropBox>
      <cropBoxAutoDetect>
        <cropScore>8.00</cropScore>
        <pass2Crop>
          <x>308</x>
          <y>809</y>
          <w>2732</w>
          <h>3689</h>
        </pass2Crop>
        <cleanCrop>
          <l>308</l>
          <r>3034</r>
          <t>803</t>
          <b>4505</b>
        </cleanCrop>
        <outerCrop>
          <l>296</l>
          <r>3048</r>
          <t>792</t>
          <b>4512</b>
        </outerCrop>
        <innerCrop>
          <l>561</l>
          <r>2806</r>
          <t>901</t>
          <b>4413</b>
        </innerCrop>
        <autoCropOptimized>
          <x>308</x>
          <y>860</y>
          <w>2680</w>
          <h>3588</h>
        </autoCropOptimized>
        <minimized>
          <x>332</x>
          <y>860</y>
          <w>2572</w>
          <h>3076</h>
        </minimized>
        <content>
          <x>556</x>
          <y>900</y>
          <w>2244</w>
          <h>3504</h>
        </content>
      </cropBoxAutoDetect>
      <skewAngle>0.72</skewAngle>
      <skewAngleDetect>0.72</skewAngleDetect>
      <skewScore>8.95</skewScore>
      <skewActive>true</skewActive>
    </page>
    <page leafNum="2">
      <handSide>LEFT</handSide>
      <pageType>Copyright</pageType>
      <addToAccessFormats>true</addToAccessFormats>
      <rotateDegree>-90</rotateDegree>
      <origWidth>3744</origWidth>
      <origHeight>5616</origHeight>
      <ppi>350</ppi>
      <cropBox>
        <x>725</x>
        <y>996</y>
        <w>2774</w>
        <h>3346</h>
      </cropBox>
      <cropBoxAutoDetect>
        <cropScore>8.00</cropScore>
        <pass2Crop>
          <x>674</x>
          <y>945</y>
          <w>2732</w>
          <h>3676</h>
        </pass2Crop>
        <cleanCrop>
          <l>669</l>
          <r>3405</r>
          <t>945</t>
          <b>4620</b>
        </cleanCrop>
        <outerCrop>
          <l>656</l>
          <r>3408</r>
          <t>944</t>
          <b>4632</b>
        </outerCrop>
        <innerCrop>
          <l>-1</l>
          <r>-1</r>
          <t>1202</t>
          <b>2890</b>
        </innerCrop>
        <autoCropOptimized>
          <x>724</x>
          <y>996</y>
          <w>2680</w>
          <h>3572</h>
        </autoCropOptimized>
        <minimized>
          <x>724</x>
          <y>996</y>
          <w>2572</w>
          <h>3076</h>
        </minimized>
        <content>
          <x>0</x>
          <y>0</y>
          <w>0</w>
          <h>0</h>
        </content>
      </cropBoxAutoDetect>
      <skewAngle>0</skewAngle>
      <skewAngleDetect>0.0</skewAngleDetect>
      <skewScore>0.0</skewScore>
      <skewActive>true</skewActive>
    </page>
    <page leafNum="3">
      <handSide>RIGHT</handSide>
      <pageType>Color Card</pageType>
      <addToAccessFormats>false</addToAccessFormats>
      <rotateDegree>90</rotateDegree>
      <origWidth>3744</origWidth>
      <origHeight>5616</origHeight>
      <ppi>350</ppi>
      <cropBox>
        <x>447</x>
        <y>996</y>
        <w>2572</w>
        <h>3076</h>
      </cropBox>
      <cropBoxAutoDetect>
        <cropScore>0.00</cropScore>
        <pass2Crop>
          <x>304</x>
          <y>1360</y>
          <w>2401</w>
          <h>2177</h>
        </pass2Crop>
        <cleanCrop>
          <l>304</l>
          <r>2704</r>
          <t>1360</t>
          <b>3536</b>
        </cleanCrop>
        <outerCrop>
          <l>304</l>
          <r>2704</r>
          <t>1360</t>
          <b>3536</b>
        </outerCrop>
        <innerCrop>
          <l>305</l>
          <r>2703</r>
          <t>1373</t>
          <b>3535</b>
        </innerCrop>
        <autoCropOptimized>
          <x>304</x>
          <y>1412</y>
          <w>2348</w>
          <h>2076</h>
        </autoCropOptimized>
        <minimized>
          <x>0</x>
          <y>0</y>
          <w>0</w>
          <h>0</h>
        </minimized>
        <content>
          <x>0</x>
          <y>0</y>
          <w>0</w>
          <h>0</h>
        </content>
      </cropBoxAutoDetect>
      <skewAngle>3.38</skewAngle>
      <skewAngleDetect>3.38</skewAngleDetect>
      <skewScore>2.05</skewScore>
      <skewActive>true</skewActive>
    </page>
  </pageData>
</book>
        </METS:xmlData>
      </METS:mdWrap>
    </METS:techMD>
    <METS:digiprovMD ID="premis1">
      <METS:mdWrap MIMETYPE="text/xml" MDTYPE="PREMIS">
        <METS:xmlData>
          <PREMIS:premis version="2.0">
            <PREMIS:object xsi:type="PREMIS:representation">
              <PREMIS:objectIdentifier>
                <PREMIS:objectIdentifierType>identifier</PREMIS:objectIdentifierType>
                <PREMIS:objectIdentifierValue>ufl1.ark:/13960/t3mw3px6k</PREMIS:objectIdentifierValue>
              </PREMIS:objectIdentifier>
            </PREMIS:object>
            <PREMIS:event>
              <PREMIS:eventIdentifier>
                <PREMIS:eventIdentifierType>UUID</PREMIS:eventIdentifierType>
                <PREMIS:eventIdentifierValue>b088c31c-e76e-35c3-8d16-2016c95ffdd8</PREMIS:eventIdentifierValue>
              </PREMIS:eventIdentifier>
              <PREMIS:eventType>capture</PREMIS:eventType>
              <PREMIS:eventDateTime>2012-10-11T17:43:58Z</PREMIS:eventDateTime>
              <PREMIS:eventDetail>Initial capture of item</PREMIS:eventDetail>
              <PREMIS:linkingAgentIdentifier>
                <PREMIS:linkingAgentIdentifierType>HathiTrust Institution ID</PREMIS:linkingAgentIdentifierType>
                <PREMIS:linkingAgentIdentifierValue>archive</PREMIS:linkingAgentIdentifierValue>
                <PREMIS:linkingAgentRole>Executor</PREMIS:linkingAgentRole>
              </PREMIS:linkingAgentIdentifier>
              <PREMIS:linkingAgentIdentifier>
                <PREMIS:linkingAgentIdentifierType>tool</PREMIS:linkingAgentIdentifierType>
                <PREMIS:linkingAgentIdentifierValue>scribe2.nj.archive.org</PREMIS:linkingAgentIdentifierValue>
                <PREMIS:linkingAgentRole>image capture</PREMIS:linkingAgentRole>
              </PREMIS:linkingAgentIdentifier>
            </PREMIS:event>
            <PREMIS:event>
              <PREMIS:eventIdentifier>
                <PREMIS:eventIdentifierType>UUID</PREMIS:eventIdentifierType>
                <PREMIS:eventIdentifierValue>883e4255-6508-3f5a-8758-98d01482951c</PREMIS:eventIdentifierValue>
              </PREMIS:eventIdentifier>
              <PREMIS:eventType>package inspection</PREMIS:eventType>
              <PREMIS:eventDateTime>2018-06-07T08:19:41Z</PREMIS:eventDateTime>
              <PREMIS:eventDetail>Inspection of download package for missing files</PREMIS:eventDetail>
              <PREMIS:eventOutcomeInformation>
                <PREMIS:eventOutcome>warning</PREMIS:eventOutcome>
                <PREMIS:eventOutcomeDetail>
                  <PREMIS:eventOutcomeDetailNote>files missing</PREMIS:eventOutcomeDetailNote>
                  <PREMIS:eventOutcomeDetailExtension>
                    <HTPREMIS:fileList status="missing">
                      <HTPREMIS:file>scanfactors.xml</HTPREMIS:file>
                    </HTPREMIS:fileList>
                  </PREMIS:eventOutcomeDetailExtension>
                </PREMIS:eventOutcomeDetail>
              </PREMIS:eventOutcomeInformation>
              <PREMIS:linkingAgentIdentifier>
                <PREMIS:linkingAgentIdentifierType>HathiTrust Institution ID</PREMIS:linkingAgentIdentifierType>
                <PREMIS:linkingAgentIdentifierValue>umich</PREMIS:linkingAgentIdentifierValue>
                <PREMIS:linkingAgentRole>Executor</PREMIS:linkingAgentRole>
              </PREMIS:linkingAgentIdentifier>
              <PREMIS:linkingAgentIdentifier>
                <PREMIS:linkingAgentIdentifierType>tool</PREMIS:linkingAgentIdentifierType>
                <PREMIS:linkingAgentIdentifierValue>feedd.pl v1.4.10</PREMIS:linkingAgentIdentifierValue>
                <PREMIS:linkingAgentRole>software</PREMIS:linkingAgentRole>
              </PREMIS:linkingAgentIdentifier>
            </PREMIS:event>
            <PREMIS:event>
              <PREMIS:eventIdentifier>
                <PREMIS:eventIdentifierType>UUID</PREMIS:eventIdentifierType>
                <PREMIS:eventIdentifierValue>4245adf6-5c7f-3557-823f-7eb1614e2915</PREMIS:eventIdentifierValue>
              </PREMIS:eventIdentifier>
              <PREMIS:eventType>fixity check</PREMIS:eventType>
              <PREMIS:eventDateTime>2018-06-07T08:19:49Z</PREMIS:eventDateTime>
              <PREMIS:eventDetail>Calculation of md5 hash values for downloaded files, comparison with pre-download md5 values</PREMIS:eventDetail>
              <PREMIS:eventOutcomeInformation>
                <PREMIS:eventOutcome>pass</PREMIS:eventOutcome>
              </PREMIS:eventOutcomeInformation>
              <PREMIS:linkingAgentIdentifier>
                <PREMIS:linkingAgentIdentifierType>HathiTrust Institution ID</PREMIS:linkingAgentIdentifierType>
                <PREMIS:linkingAgentIdentifierValue>umich</PREMIS:linkingAgentIdentifierValue>
                <PREMIS:linkingAgentRole>Executor</PREMIS:linkingAgentRole>
              </PREMIS:linkingAgentIdentifier>
              <PREMIS:linkingAgentIdentifier>
                <PREMIS:linkingAgentIdentifierType>tool</PREMIS:linkingAgentIdentifierType>
                <PREMIS:linkingAgentIdentifierValue>Digest::MD5 2.39</PREMIS:linkingAgentIdentifierValue>
                <PREMIS:linkingAgentRole>software</PREMIS:linkingAgentRole>
              </PREMIS:linkingAgentIdentifier>
            </PREMIS:event>
            <PREMIS:event>
              <PREMIS:eventIdentifier>
                <PREMIS:eventIdentifierType>UUID</PREMIS:eventIdentifierType>
                <PREMIS:eventIdentifierValue>42809a62-faf1-3366-ac75-0a7150629c3d</PREMIS:eventIdentifierValue>
              </PREMIS:eventIdentifier>
              <PREMIS:eventType>ocr split</PREMIS:eventType>
              <PREMIS:eventDateTime>2018-06-07T08:20:00Z</PREMIS:eventDateTime>
              <PREMIS:eventDetail>Splitting of IA XML OCR into one plain text OCR file and one XML file (with coordinates) per page</PREMIS:eventDetail>
              <PREMIS:linkingAgentIdentifier>
                <PREMIS:linkingAgentIdentifierType>HathiTrust Institution ID</PREMIS:linkingAgentIdentifierType>
                <PREMIS:linkingAgentIdentifierValue>umich</PREMIS:linkingAgentIdentifierValue>
                <PREMIS:linkingAgentRole>Executor</PREMIS:linkingAgentRole>
              </PREMIS:linkingAgentIdentifier>
              <PREMIS:linkingAgentIdentifier>
                <PREMIS:linkingAgentIdentifierType>tool</PREMIS:linkingAgentIdentifierType>
                <PREMIS:linkingAgentIdentifierValue>feedd.pl v1.4.10</PREMIS:linkingAgentIdentifierValue>
                <PREMIS:linkingAgentRole>software</PREMIS:linkingAgentRole>
              </PREMIS:linkingAgentIdentifier>
            </PREMIS:event>
            <PREMIS:event>
              <PREMIS:eventIdentifier>
                <PREMIS:eventIdentifierType>UUID</PREMIS:eventIdentifierType>
                <PREMIS:eventIdentifierValue>6d48edd8-c9fa-3905-b8a6-deb29d87087b</PREMIS:eventIdentifierValue>
              </PREMIS:eventIdentifier>
              <PREMIS:eventType>file rename</PREMIS:eventType>
              <PREMIS:eventDateTime>2018-06-07T08:20:14Z</PREMIS:eventDateTime>
              <PREMIS:eventDetail>File renaming to HathiTrust conventions</PREMIS:eventDetail>
              <PREMIS:linkingAgentIdentifier>
                <PREMIS:linkingAgentIdentifierType>HathiTrust Institution ID</PREMIS:linkingAgentIdentifierType>
                <PREMIS:linkingAgentIdentifierValue>umich</PREMIS:linkingAgentIdentifierValue>
                <PREMIS:linkingAgentRole>Executor</PREMIS:linkingAgentRole>
              </PREMIS:linkingAgentIdentifier>
              <PREMIS:linkingAgentIdentifier>
                <PREMIS:linkingAgentIdentifierType>tool</PREMIS:linkingAgentIdentifierType>
                <PREMIS:linkingAgentIdentifierValue>feedd.pl v1.4.10</PREMIS:linkingAgentIdentifierValue>
                <PREMIS:linkingAgentRole>software</PREMIS:linkingAgentRole>
              </PREMIS:linkingAgentIdentifier>
            </PREMIS:event>
            <PREMIS:event>
              <PREMIS:eventIdentifier>
                <PREMIS:eventIdentifierType>UUID</PREMIS:eventIdentifierType>
                <PREMIS:eventIdentifierValue>dd957f7f-c342-3813-a751-fdd66b59f8e8</PREMIS:eventIdentifierValue>
              </PREMIS:eventIdentifier>
              <PREMIS:eventType>image header modification</PREMIS:eventType>
              <PREMIS:eventDateTime>2018-06-07T08:20:14Z</PREMIS:eventDateTime>
              <PREMIS:eventDetail>Modification of image headers to meet HathiTrust conventions</PREMIS:eventDetail>
              <PREMIS:linkingAgentIdentifier>
                <PREMIS:linkingAgentIdentifierType>HathiTrust Institution ID</PREMIS:linkingAgentIdentifierType>
                <PREMIS:linkingAgentIdentifierValue>umich</PREMIS:linkingAgentIdentifierValue>
                <PREMIS:linkingAgentRole>Executor</PREMIS:linkingAgentRole>
              </PREMIS:linkingAgentIdentifier>
              <PREMIS:linkingAgentIdentifier>
                <PREMIS:linkingAgentIdentifierType>tool</PREMIS:linkingAgentIdentifierType>
                <PREMIS:linkingAgentIdentifierValue>feedd.pl v1.4.10</PREMIS:linkingAgentIdentifierValue>
                <PREMIS:linkingAgentRole>software</PREMIS:linkingAgentRole>
              </PREMIS:linkingAgentIdentifier>
              <PREMIS:linkingAgentIdentifier>
                <PREMIS:linkingAgentIdentifierType>tool</PREMIS:linkingAgentIdentifierType>
                <PREMIS:linkingAgentIdentifierValue>Image::ExifTool 8.77</PREMIS:linkingAgentIdentifierValue>
                <PREMIS:linkingAgentRole>software</PREMIS:linkingAgentRole>
              </PREMIS:linkingAgentIdentifier>
            </PREMIS:event>
            <PREMIS:event>
              <PREMIS:eventIdentifier>
                <PREMIS:eventIdentifierType>UUID</PREMIS:eventIdentifierType>
                <PREMIS:eventIdentifierValue>aef778e5-b57d-37b7-8f25-224bbf1e5d1a</PREMIS:eventIdentifierValue>
              </PREMIS:eventIdentifier>
              <PREMIS:eventType>source mets creation</PREMIS:eventType>
              <PREMIS:eventDateTime>2018-06-07T08:20:26Z</PREMIS:eventDateTime>
              <PREMIS:eventDetail>Creation of source METS file</PREMIS:eventDetail>
              <PREMIS:linkingAgentIdentifier>
                <PREMIS:linkingAgentIdentifierType>HathiTrust Institution ID</PREMIS:linkingAgentIdentifierType>
                <PREMIS:linkingAgentIdentifierValue>umich</PREMIS:linkingAgentIdentifierValue>
                <PREMIS:linkingAgentRole>Executor</PREMIS:linkingAgentRole>
              </PREMIS:linkingAgentIdentifier>
              <PREMIS:linkingAgentIdentifier>
                <PREMIS:linkingAgentIdentifierType>tool</PREMIS:linkingAgentIdentifierType>
                <PREMIS:linkingAgentIdentifierValue>feedd.pl v1.4.10</PREMIS:linkingAgentIdentifierValue>
                <PREMIS:linkingAgentRole>software</PREMIS:linkingAgentRole>
              </PREMIS:linkingAgentIdentifier>
            </PREMIS:event>
            <PREMIS:event>
              <PREMIS:eventIdentifier>
                <PREMIS:eventIdentifierType>UUID</PREMIS:eventIdentifierType>
                <PREMIS:eventIdentifierValue>a93a59fe-d4a3-333d-8759-465d7e5d7b5d</PREMIS:eventIdentifierValue>
              </PREMIS:eventIdentifier>
              <PREMIS:eventType>message digest calculation</PREMIS:eventType>
              <PREMIS:eventDateTime>2018-06-07T08:20:26Z</PREMIS:eventDateTime>
              <PREMIS:eventDetail>Calculation of MD5 checksums for image and OCR files</PREMIS:eventDetail>
              <PREMIS:linkingAgentIdentifier>
                <PREMIS:linkingAgentIdentifierType>HathiTrust Institution ID</PREMIS:linkingAgentIdentifierType>
                <PREMIS:linkingAgentIdentifierValue>umich</PREMIS:linkingAgentIdentifierValue>
                <PREMIS:linkingAgentRole>Executor</PREMIS:linkingAgentRole>
              </PREMIS:linkingAgentIdentifier>
              <PREMIS:linkingAgentIdentifier>
                <PREMIS:linkingAgentIdentifierType>tool</PREMIS:linkingAgentIdentifierType>
                <PREMIS:linkingAgentIdentifierValue>Digest::MD5 2.39</PREMIS:linkingAgentIdentifierValue>
                <PREMIS:linkingAgentRole>software</PREMIS:linkingAgentRole>
              </PREMIS:linkingAgentIdentifier>
            </PREMIS:event>
            <PREMIS:event>
              <PREMIS:eventIdentifier>
                <PREMIS:eventIdentifierType>UUID</PREMIS:eventIdentifierType>
                <PREMIS:eventIdentifierValue>6f7c731e-fcc8-3d52-a4c6-f5854172753e</PREMIS:eventIdentifierValue>
              </PREMIS:eventIdentifier>
              <PREMIS:eventType>validation</PREMIS:eventType>
              <PREMIS:eventDateTime>2018-06-07T08:20:26Z</PREMIS:eventDateTime>
              <PREMIS:eventDetail>Validation of source METS file</PREMIS:eventDetail>
              <PREMIS:linkingAgentIdentifier>
                <PREMIS:linkingAgentIdentifierType>HathiTrust Institution ID</PREMIS:linkingAgentIdentifierType>
                <PREMIS:linkingAgentIdentifierValue>umich</PREMIS:linkingAgentIdentifierValue>
                <PREMIS:linkingAgentRole>Executor</PREMIS:linkingAgentRole>
              </PREMIS:linkingAgentIdentifier>
              <PREMIS:linkingAgentIdentifier>
                <PREMIS:linkingAgentIdentifierType>tool</PREMIS:linkingAgentIdentifierType>
                <PREMIS:linkingAgentIdentifierValue>Xerces-C 3.1</PREMIS:linkingAgentIdentifierValue>
                <PREMIS:linkingAgentRole>software</PREMIS:linkingAgentRole>
              </PREMIS:linkingAgentIdentifier>
            </PREMIS:event>
          </PREMIS:premis>
        </METS:xmlData>
      </METS:mdWrap>
    </METS:digiprovMD>
  </METS:amdSec>
  <METS:fileSec>
    <METS:fileGrp ID="FG1" USE="coordOCR">
      <METS:file SIZE="31302" ID="XML00000001" MIMETYPE="text/xml" CREATED="2018-06-07T08:20:00Z" CHECKSUM="d856b9ab227f6df8d9e3ea9a1a501927" SEQ="00000001" CHECKSUMTYPE="MD5">
        <METS:FLocat LOCTYPE="OTHER" OTHERLOCTYPE="SYSTEM" xlink:href="00000001.xml"/>
      </METS:file>
      <METS:file SIZE="791" ID="XML00000002" MIMETYPE="text/xml" CREATED="2018-06-07T08:20:00Z" CHECKSUM="8c1e24bd4f525d27aa2c507e1a87748c" SEQ="00000002" CHECKSUMTYPE="MD5">
        <METS:FLocat LOCTYPE="OTHER" OTHERLOCTYPE="SYSTEM" xlink:href="00000002.xml"/>
      </METS:file>
    </METS:fileGrp>
    <METS:fileGrp ID="FG2" USE="ocr">
      <METS:file SIZE="3447" ID="OCR00000001" MIMETYPE="text/plain" CREATED="2018-06-07T08:20:00Z" CHECKSUM="c1bc8774180b68376c3d17688f99c5cf" SEQ="00000001" CHECKSUMTYPE="MD5">
        <METS:FLocat LOCTYPE="OTHER" OTHERLOCTYPE="SYSTEM" xlink:href="00000001.txt"/>
      </METS:file>
      <METS:file SIZE="29" ID="OCR00000002" MIMETYPE="text/plain" CREATED="2018-06-07T08:20:00Z" CHECKSUM="cb120d34cf742c9b31c3116b05f318c3" SEQ="00000002" CHECKSUMTYPE="MD5">
        <METS:FLocat LOCTYPE="OTHER" OTHERLOCTYPE="SYSTEM" xlink:href="00000002.txt"/>
      </METS:file>
    </METS:fileGrp>
    <METS:fileGrp ID="FG3" USE="image">
      <METS:file SIZE="560724" ID="IMG00000001" MIMETYPE="image/jp2" CREATED="2018-06-07T08:20:14Z" CHECKSUM="2c2ed5261144b89f0bdec310876e0142" SEQ="00000001" CHECKSUMTYPE="MD5">
        <METS:FLocat LOCTYPE="OTHER" OTHERLOCTYPE="SYSTEM" xlink:href="00000001.jp2"/>
      </METS:file>
      <METS:file SIZE="159342" ID="IMG00000002" MIMETYPE="image/jp2" CREATED="2018-06-07T08:20:14Z" CHECKSUM="c44d410588812e21b745e8ed830169d4" SEQ="00000002" CHECKSUMTYPE="MD5">
        <METS:FLocat LOCTYPE="OTHER" OTHERLOCTYPE="SYSTEM" xlink:href="00000002.jp2"/>
      </METS:file>
    </METS:fileGrp>
  </METS:fileSec>
  <METS:structMap ID="SM1" TYPE="physical">
    <METS:div TYPE="volume">
      <METS:div ORDER="1" TYPE="page">
        <METS:fptr FILEID="XML00000001"/>
        <METS:fptr FILEID="OCR00000001"/>
        <METS:fptr FILEID="IMG00000001"/>
      </METS:div>
      <METS:div ORDER="2" TYPE="page">
        <METS:fptr FILEID="XML00000002"/>
        <METS:fptr FILEID="OCR00000002"/>
        <METS:fptr FILEID="IMG00000002"/>
      </METS:div>
    </METS:div>
  </METS:structMap>
</METS:mets>
